{
  "version": 2,
  "builds": [
    {
      "src": "app.py",
      "use": "@vercel/python",
      "config": {
        "runtime": "python3.9",
        "maxLambdaSize": "15mb",
        "command": "gunicorn --workers 4 --bind 0.0.0.0:$PORT app:app"
      }
    },
    {
      "src": "static/**",
      "use": "@vercel/static"
    }
  ],
  "routes": [
    {
      "src": "/static/(.*)",
      "headers": {
        "cache-control": "s-maxage=31536000, immutable"
      },
      "dest": "/static/$1"
    },
    {
      "src": "/(.*)",
      "dest": "app.py"
    }
  ]
}
